{
  "hash": "b2c902df",
  "browserHash": "9167a493",
  "optimized": {
    "@angular/core": {
      "src": "../../../../../node_modules/@angular/core/fesm2022/core.mjs",
      "file": "@angular_core.js",
      "fileHash": "28bba1b9",
      "needsInterop": false
    },
    "@angular/platform-browser": {
      "src": "../../../../../node_modules/@angular/platform-browser/fesm2022/platform-browser.mjs",
      "file": "@angular_platform-browser.js",
      "fileHash": "5731eaa2",
      "needsInterop": false
    },
    "@angular/router": {
      "src": "../../../../../node_modules/@angular/router/fesm2022/router.mjs",
      "file": "@angular_router.js",
      "fileHash": "1968aed5",
      "needsInterop": false
    },
    "@angular/common": {
      "src": "../../../../../node_modules/@angular/common/fesm2022/common.mjs",
      "file": "@angular_common.js",
      "fileHash": "8d86f834",
      "needsInterop": false
    },
    "@angular/forms": {
      "src": "../../../../../node_modules/@angular/forms/fesm2022/forms.mjs",
      "file": "@angular_forms.js",
      "fileHash": "3ec9609d",
      "needsInterop": false
    }
  },
  "chunks": {
    "chunk-VIUQSHAA": {
      "file": "chunk-VIUQSHAA.js"
    },
    "chunk-DTDPP5UO": {
      "file": "chunk-DTDPP5UO.js"
    },
    "chunk-GQV5CXXG": {
      "file": "chunk-GQV5CXXG.js"
    }
  }
}